issue_id,award_id,userid,issue_reason,issue_time
50,19,3427,"",1387810201
51,19,3407,"",1387810247
52,19,3419,"",1387810270
94,19,3443,"",1387810889
99,19,3543,"",1387810961
100,19,3438,"",1387810969
217,18,8997,5 years with AOD!,1401636436
235,5,24276,Achieved maximum rank of 100 in PS2.,1404511980
285,5,27590,Achieved maximum rank of 100 in PS2.,1408848060
295,5,21697,Achieved maximum rank of 100 in PS2.,1409688807
321,22,8997,"",1410804989
329,23,8997,"",1410805150
335,24,8997,"",1410805295
336,24,8162,"",1410805304
363,5,25996,Achieved maximum rank of 100 in PS2.,1412192280
405,19,3469,10 Years!,1414107816
437,5,21842,Achieved maximum rank of 100 in PS2.,1415491845
446,41,24276,Retired Reaper - Mother of all Special Forces.,1416258600
453,41,20923,Member of the Reaper Operation Group,1416275760
456,41,25996,Retired Reaper,1416325800
604,25,8997,"",1424107538
632,5,24693,Achieved maximum rank of 100 in PS2.,1426023552
754,5,29232,Achieved maximum rank of 100 in PS2,1428842911
763,18,10264,5 Years!,1428966968
778,5,21805,Achieved maximum rank of 100 in PS2.,1430108755
782,44,8997,"",1430603400
784,19,34478,"",1430860635
803,18,10502,Member has been a member of AOD for 5 years! Congratulations!!,1432787399
807,5,27758,Achieved maximum rank of 100 in PS2.,1433299440
811,19,3510,"",1434069936
916,5,26520,Achieved maximum rank of 100 in PS2.,1436321376
918,5,33044,Achieved maximum rank of 100 in PS2.,1436408717
1158,41,24693,Retired Reaper,1448154180
1199,32,8997,"",1449376615
1242,19,3563,"",1450326151
1257,41,21842,Retired Reaper,1450754640
1453,28,8997,won his own tournament what a grease ball.,1460840535
1510,18,15189,5 years in AOD Congratz,1463525875
1601,18,15725,Commemorating 5 Years of AOD membership.,1468866086
1676,68,25996,WarBoss with Commander Helmet,1474377316
1677,68,21842,WarBoss with Commander Helmet,1474377413
1688,68,26520,WarBoss with Commander Helmet,1474380201
1690,68,27590,WarBoss with Commander Helmet,1474384944
1763,19,3716,"",1474813330
1809,68,33819,WarBoss with Commander Helmet,1475132760
1933,18,17836,5 Years Woot,1481951408
1937,18,17724,5 years with AOD!  WOO!,1482352544
1938,18,17730,5 years with AOD!  WOO!,1482352562
2301,19,48618,"",1497805916
2421,5,39290,Reached BR120 (Max Rank)in Planetside 2,1503238081
2426,18,19955,5 years with AOD!,1503408008
2427,18,20004,5 years with AOD!,1503408029
2699,18,20285,5 years!  YAY!,1511361618
2705,18,20755,5 years!  YAY!,1511361782
2750,18,21576,5 years with AOD,1514662225
2772,68,48920,WarBoss with Commander Helmet,1515386871
2816,18,21805,"",1517357818
2976,41,30010,Retired member of the Reaper Operation Group.,1520279280
2988,18,22160,5 Years,1520968700
3034,18,9647,Time spent in AOD,1521513566
3035,25,9647,Previous Award,1521513677
3036,23,9647,Previous Award,1521513691
3037,22,9647,Previous Award,1521513710
3078,18,21439,5 Years with AOD!  HOT DAMN OTAKU!,1523104924
3079,18,21441,5 Years with AOD!  WOOT VAYNARD!,1523104951
3085,18,21697,5 Years with AOD!,1523105088
3087,18,21842,5 Years with AOD!,1523105167
3109,18,1,15 Years!  10 yr award + 5 yr award = 15 year award! 15 years (at least for these forums)!,1523314227
3110,18,3407,15 Years!  10 yr award + 5 yr award = 15 year award! 15 years (at least for these forums)!,1523314298
3111,18,17242,15 Years!  10 yr award + 5 yr award = 15 year award! 15 years (at least for these forums)!,1523314340
3112,18,3419,15 Years!  10 yr award + 5 yr award = 15 year award! 15 years (at least for these forums)!,1523314364
3306,18,23671,"Just think, 5 more years til we have the Star Citizen division!",1529536515
3308,18,23883,5 years with AOD!  I remember when you were a buck recruit...,1529536575
3326,18,24241,5 years with AOD!  Hot damn!,1530717918
3376,18,24693,Member has been in AOD for at least 5 years.,1532835913
3464,19,7229,10 years with AOD!  Hot damn!,1535758095
3528,18,3427,15 Years! 10 yr award + 5 yr award = 15 year award! 15 years (at least for these forums)!,1537623330
3529,18,34478,15 Years! 10 yr award + 5 yr award = 15 year award! 15 years (at least for these forums)!,1537623352
3551,5,45875,Awarded for earning either BR 120 or ASP Access in Planetside 2,1538509719
3575,68,60257,WarBoss with Commander Helmet,1539647045
3582,18,25996,KESTAH!,1539956211
3585,18,26100,5 years with AOD! Nicely done!,1539956463
3671,71,3438,"",1543794673
3692,18,34445,here ya go bud,1545056094
3693,19,34445,have fun,1545056126
3697,126,25996,For completing all available operations with a five star rating.,1545137940
3698,127,25996,has met criteria for award,1545138035
3713,18,26520,5 years with AOD!,1545946695
3726,19,8162,"",1545946971
3736,18,27004,5 years!,1546634540
3787,18,27343,5 years dude!,1548452456
3839,18,27416,5 years! Hoo rah!,1549616919
3884,16,34445,Winner of the recruitment chat box message!,1550530877
3885,18,3438,15 Years! 10 yr award + 5 yr award = 15 year award! 15 years (at least for these forums)!,1550620215
3886,18,3443,15 Years! 10 yr award + 5 yr award = 15 year award! 15 years (at least for these forums)!,1550620226
3891,18,27205,5 years with AOD!  YAY!,1547337180
3895,18,27320,Whale Whale Whale!,1550620474
3906,18,27758,5 years with AOD!  YAY!,1550620682
3968,18,28093,5 Years with AOD!  Congrats!,1553903010
4064,19,8997,My little recruit has grown up ^_^,1559264938
4080,71,8997,Winning a Wookiee Catapult Tourney,1561006784
4094,139,3407,Member has been in AOD for at least 15 years.,1561550911
4095,139,3419,Member has been in AOD for at least 15 years.,1561550940
4096,139,3427,Member has been in AOD for at least 15 years.,1561550956
4097,139,17242,Member has been in AOD for at least 15 years.,1561550975
4098,139,3438,Member has been in AOD for at least 15 years.,1561551001
4100,139,34445,Member has been in AOD for at least 15 years.,1561551051
4101,139,3443,Member has been in AOD for at least 15 years.,1561551060
4103,139,34478,Member has been in AOD for at least 15 years.,1561551092
4106,139,3543,Member has been in AOD for at least 15 years.,1561551174
4107,18,30010,5 years!!,1561603865
4132,18,3563,"",1562262678
4142,16,70753,For doing a great job with recruiting! Whilst being a recruit himself!,1563653942
4162,68,60411,WarBoss with Commander Helmet,1564572800
4180,18,29232,"5 years in AOD, Congrats :)",1565052119
4230,18,30720,5 years with AOD!,1567644224
4232,18,31832,"",1567994461
4233,5,50058,he reached the requirements,1568063595
4238,147,47708,You successfully earned the title of Dredgen.,1568072700
4240,149,47708,You successfully earned the title of Cursebreaker.,1568072760
4242,151,47708,"",1568072830
4244,149,30720,You successfully earned the title of Cursebreaker.,1568072940
4253,147,64483,You successfully earned the title of Dredgen.,1568645640
4254,151,64483,"",1568645698
4273,147,64885,You successfully earned the title of Dredgen.,1569366360
4274,149,64885,You successfully earned the title of Cursebreaker.,1569366360
4276,151,64885,"",1569366415
4279,147,62859,You successfully earned the title of Dredgen.,1569646200
4280,149,62859,You successfully earned the title of Cursebreaker.,1569646200
4369,18,32509,Grats on 5 years in AOD.  Proud to know you!,1572312169
4371,18,31560,Grats on 5 years with AOD!,1572312403
4442,18,32873,His past his 5 years!,1574552697
4443,16,32873,Overdue from previous work in WT,1574553085
4458,18,32515,Five years of service! Congrats!,1575348807
4473,5,60411,Reached the requirements,1575865374
4605,140,3419,"",1576107907
4606,140,17242,"",1576172475
4607,140,3407,"",1576172484
4633,139,3469,Member has been in AOD for at least 15 years.,1576851622
4678,147,31782,You successfully earned the title of Dredgen.,1578539640
4736,18,32540,5 Years in AOD,1579467600
4751,19,9647,Some nerd,1580430716
4786,18,34208,5 Years with AOD!,1582774047
4790,18,29133,5 years with AOD!,1582774517
4846,5,60257,Achieved the rank of 120 in PS2.,1585051506
4853,19,10264,"",1585357086
5021,104,47708,"",1585999643
5136,41,21703,Retired Reaper,1587088455
5207,5,43957,Reached ASP,1587598535
5208,5,74718,Reached ASP,1587598626
5212,76,66775,Won Tank Race During 7th Annivarsary,1587853870
5213,76,65194,Won Air Battle During 7th Anniversary. Killed RedKnight 3 times in a row.,1587853980
5326,18,35859,Being in AOD for 5 years glad to have you with us .. on to the next 5,1588969214
5340,180,70753,Reached lvl 100,1589232264
5345,180,66058,Reached lvl 100,1589232444
5347,180,60082,Reached lvl 100,1589232573
5348,180,39909,Reached lvl 100,1589232622
5349,180,60775,Reached lvl 100,1589232687
5350,180,35283,Reached lvl 100,1589232714
5355,180,73373,Reached lvl 100,1589232990
5357,180,68619,Reached lvl 100,1589233070
5359,180,24241,Reached lvl 100,1589233159
5360,180,54476,Reached lvl 100,1589233195
5361,180,21439,Reached lvl 100,1589233227
5362,180,26100,Reached lvl 100,1589233256
5363,180,43995,Reached lvl 100,1589233363
5364,180,53567,Reached lvl 100,1589233473
5369,180,72462,Reached lvl 100,1589233661
5370,180,62884,Reached lvl 100,1589233681
5372,180,49472,Reached lvl 100,1589233733
5373,180,72150,Reached lvl 100,1589233753
5380,180,53449,Reached lvl 100,1589233972
5382,180,21441,Reached lvl 100,1589234026
5383,180,27320,Reached lvl 100,1589234042
5389,180,44493,Reached lvl 100,1589235116
5395,180,23883,Reached lvl 100,1589235346
5399,180,32873,Reached lvl 100,1589235490
5401,180,34478,Reached lvl 100,1589235546
5420,180,73846,Reached lvl 100,1589236264
5421,180,55295,Reached lvl 100,1589236294
5423,180,33280,Reached lvl 100,1589236333
5426,180,59373,Reached lvl 100,1589236862
5429,180,29944,Reached lvl 100,1589236968
5430,180,32795,Reached lvl 100,1589236989
5435,180,38767,Reached lvl 100,1589237131
5438,180,50265,Reached lvl 100,1589237193
5443,180,8162,Reached lvl 100,1589237392
5456,18,27594,Cheers!! Here's to the next 5!,1589508100
5463,16,62669,Has passed away. Rewarded him with his contribution he has done for the WT division.,1589666220
5464,180,65194,Reached lvl 100,1589673605
5482,18,34936,5 years with AOD!,1590114988
5489,180,66775,Reached lvl 100,1590345543
5504,68,32542,"obtaining the NS Commander Helmet
Congratz!!",1590965769
5548,126,19955,For completing all available operations with a five star rating.,1592719686
5549,127,19955,Congrats you nutty collector!,1592719725
5562,18,29944,5 years!,1592881906
5564,18,32795,5 years!,1592881976
5568,18,35283,5 years!,1592882240
5571,180,53782,Reach level 100,1592956980
5704,68,45279,WarBoss with Commander Helmet,1593551052
5794,68,38820,NS Commander helmet,1594466673
5826,180,72649,Reached lvl 100,1594924440
5856,18,35500,Congratulations on your time spent here with AOD! Continue to be amazing! We wouldn't be here without you!,1595807474
5876,18,38570,Been here 5 years,1596684612
5924,18,36609,Grats on 5 Years DC!,1597522779
5958,19,10502,Congratulations! Thanks for being in the family for 10 years.,1597946115
5975,18,38326,5 years of service,1598123321
5978,139,48618,"",1598203198
5989,19,11137,"10 Big Years, YAY!",1598553705
5991,18,37184,cONGRATS ON 5,1598665099
6156,18,38288,5 years with AOD!,1600484690
6213,180,73963,Hit lvl 100 in-game,1602359894
6234,68,31456,Leadership Directive,1603163273
6235,68,39290,Leadership Directive,1603163331
6237,68,53801,Leadership Directive,1603163406
6239,76,78486,Winning the SoA competition,1603215342
6240,76,53567,Winning the SoA competition,1603215415
6242,76,56800,Winning the SoA competition,1603215526
6251,68,27594,Finally got commander helmet,1603678375
6252,5,27594,Finally got ASP access,1603678414
6264,5,30010,Reaching ASP in PS2,1604280681
6265,126,74148,For completing all available operations with a five star rating.,1604400086
6273,68,21842,"for leading the platoons, again",1604781400
6337,209,51475,"Your assistance with keeping our AOD assets is greatly appreciated. In view of your efforts, you are awarded our Bug Hunter badge!

Thank you!",1605468654
6359,211,30720,You successfully completed the Vanguard’s Dare of completing all seven raids in a single day.,1605732783
6360,210,30720,You successfully earned the title of Forerunner.,1605732852
6362,210,61984,You successfully earned the title of Forerunner.,1605822180
6363,211,61984,You successfully completed the Vanguard’s Dare of completing all seven raids in a single day.,1605822238
6364,211,61918,You successfully completed the Vanguard’s Dare of completing all seven raids in a single day.,1605822353
6393,180,76006,Reached lvl 100,1606337926
6394,71,3443,Former Tournament Winner,1606443556
6395,28,3438,"",1606443665
6397,210,40630,You successfully earned the title of Forerunner.,1606591353
6404,180,66112,Reached lvl 100,1606663076
6407,18,40361,5 Years with AOD!~,1606690963
6430,41,75419,Member of the Reaper Operation Group,1607807122
6433,41,34810,Member of the Reaper Operation Group,1607826840
6434,41,48920,Retired Reaper - Fly Safe,1607827140
6438,18,34138,5 years as an AOD Member!,1607926490
6439,68,74148,WarBoss with Commander Helmet,1608023081
6546,180,65366,"",1609039919
6547,180,77174,"",1609039941
6560,220,78418,"For completing Platoon Leadership 101,102, & 103.",1609289660
6566,41,29232,Retired Reaper,1609615920
6576,139,3510,15 years daaaayyuumm,1609963498
6601,18,14700,5 years with AOD!,1610834162
6606,5,41215,User has reached rank 100 and ASP''d character in PS2,1611026810
6607,18,41215,User has reached 5 years with AOD,1611026877
6654,18,36028,5 years of service.,1612500804
6656,18,34810,5 years of service.,1612500902
6658,210,47708,You successfully earned the title of Forerunner.,1612613998
6659,213,47708,You successfully earned the title of Conqueror.,1612614033
6670,180,77417,"",1613271517
6678,76,73846,Placed top 3 in the Super Race of Amazing Proportions.,1613871120
6685,18,42362,Congratulations on 5 years of service to AOD.,1613929032
6686,18,41037,Congratulations on 5 years of service to AOD.,1613929120
6688,18,39188,Congratulations on 5 years of service to AOD.,1613929420
6697,18,33819,5 years of service,1614133005
6698,180,78272,Reached lvl 100,1614220049
6702,180,70810,Reached Level 100 in-game,1614370931
6760,18,41224,5 year AOD Veteran!,1615235230
6765,41,74097,Member of the Reaper Operation Group,1615259940
6768,180,75819,Reached lvl 100,1615346206
6784,188,68677,"Member who has gone well above and beyond expectations be it recruiting, personal sacrifice, selfless service, time and/or effort.",1615834050
6786,18,43249,5 years of service.,1616038715
6787,126,78547,For completing all available operations with a five star rating.,1616075249
6811,180,58056,Reached lvl 100,1616940673
6813,210,27343,"",1616973198
6816,41,79127,Member of the Reaper Operation Group,1616975075
6826,180,78816,Reached lvl 100,1617294218
6831,18,60775,User has 5 years with AOD!,1617499004
6833,5,36028,Reached ASP,1617588713
6849,180,45146,Reached lvl. 100,1618662858
6850,126,72591,For completing all available operations with a five star rating.,1618663144
6851,187,72591,This award is for any member who has completely researched all vessels (excluding freemium/premium) for any 5 Nations.,1618663237
6854,5,72956,Achieved battle rank 120 and enrolled in the Advanced Specialization Program,1618797774
6860,126,65578,For completing all available operations with a five star rating.,1618985384
6895,5,38820,Enrolled in the Advanced Specialization Program,1619155213
6896,18,38820,5 years of service.,1619155245
6903,147,48605,You successfully earned the title of Dredgen.,1619364378
6907,227,45146,2nd place in the Tank obstacle course,1619377704
6908,227,66775,Third place in the Tank obstacle course,1619377776
6910,227,49472,Fifth place in the tank obstacle course,1619377842
6916,227,60082,First in the Tug of War,1619379363
6925,227,24241,Great Impact in the division throughout its history.,1619381585
6926,227,26100,Great Impact in the division throughout its history.,1619381592
6928,227,21439,Great Impact in the division throughout its history.,1619381609
6929,227,27320,Great Impact in the division throughout its history.,1619381618
6930,227,32509,Great Impact in the division throughout its history.,1619381637
6931,227,15936,Great Impact in the division throughout its history.,1619381686
6932,227,17836,Great Impact in the division throughout its history.,1619381696
6934,227,53567,Great Impact in the division throughout its history.,1619381756
6935,227,8162,Great Impact in the division throughout its history.,1619381811
6936,227,70753,Great Impact in the division throughout its history.,1619381820
6937,227,23883,Great Impact in the division throughout its history.,1619381843
6939,227,27590,Great Impact in the division throughout its history.,1619381925
6940,227,38288,Great Impact in the division throughout its history.,1619381967
6941,227,48716,Great Impact in the division throughout its history.,1619381977
6944,227,21441,Great Impact in the division throughout its history.,1619448187
6959,18,35944,5 years with AOD!,1619574559
6963,5,34810,Achieved battle rank 120.,1619825033
6964,126,80705,For completing all available operations with a five star rating.,1619844569
6965,126,79231,For completing all available operations with a five star rating.,1619895555
6970,182,72591,What will you do now that you're done with campaigning?,1619996699
6971,127,72591,Congrats you nutty collector!,1619997904
6972,41,79504,Member of the Reaper Operation Group,1620007260
6981,213,48605,"",1620233871
6988,182,19955,"What will you do now that you're done with campaigning? I know, you can recruit!",1620388608
7075,5,59811,Enrolled in the Advanced Specialization Program.,1620510770
7080,126,81196,For completing all available operations with a five star rating.,1620734668
7093,227,32873,"",1621200970
7094,227,60775,Sgt of the WT division,1621201346
7107,139,3716,Member has been in AOD for at least 15 years.,1621794255
7111,139,3510,Member has been in AOD for at least 15 years.,1621794507
7113,139,4587,Member has been in AOD for at least 15 years.,1621794674
7121,19,15936,10 Years with AOD! Congratulations!,1621795229
7123,19,15189,10 Years with AOD! Congratulations!,1621795318
7127,19,14700,10 Years with AOD! Congratulations!,1621795422
7129,18,37209,5 years!!,1621800179
7141,18,33280,5 years with AOD!,1621825433
7144,18,38767,5 years with AOD!,1621825501
7145,18,39000,5 years with AOD!,1621825524
7147,18,39909,5 years with AOD!,1621825564
7155,18,44493,5 years with AOD!,1621825745
7157,147,71484,Completed Dredgen,1621853280
7158,18,44557,Member has been a member of AOD for 5 years! Congratulations!,1621876557
7170,18,45133,Congrats on your 5 years of gaming with AOD.,1621893085
7173,18,42728,Congrats on your 5 years of gaming with AOD.,1621893310
7178,18,33540,Congrats on your 5 years of gaming with AOD.,1621893579
7182,18,40630,5 Years in AOD!,1621953843
7189,18,31782,5 years in AOD!,1621954012
7194,18,41924,5 years with AOD!,1622010803
7195,18,43995,5 years with AOD!,1622010874
7196,18,80977,5 years with AOD!,1631255760
7201,18,32405,5 years of service.,1622067820
7206,18,32542,5 years of service.,1622068153
7208,18,43769,5 years of service.,1622068208
7209,18,43957,5 years of service.,1622068395
7213,18,49460,5 years of service.,1622068519
7218,18,45121,5 years of service.,1622068793
7219,18,45875,5 years of service.,1622069479
7221,18,45116,5 years of service.,1622069532
7224,18,49121,5 years of service.,1622069617
7227,18,45501,5 years of service.,1622069751
7228,18,39551,5 years of service.,1622069792
7229,18,42762,5 years of service.,1622069820
7236,18,30861,5 years of service.,1622069996
7237,18,21703,5 years of service.,1622070019
7238,18,33825,5 years of service.,1622070044
7239,18,31456,5 years of service.,1622070065
7244,18,42719,5 years of service.,1622070261
7250,18,23172,5 years of service.,1622070478
7252,18,33044,5 years of service.,1622070515
7265,18,46317,Congrats on 5 years in AOD!,1622123506
7269,18,34084,Congrats on 5 years in AOD!,1622123573
7270,127,81196,Congrats you nutty collector!,1622147433
7273,18,46072,"",1622155408
7296,180,54447,Reached lvl 100,1623187998
7301,139,3563,"Over 15 Years of service, bud! Congratulations!",1623552677
7304,180,66203,Reached lvl 100,1623614360
7314,127,73016,Congrats you nutty collector!,1623769624
7317,182,73016,"What will you do now that you're done with campaigning? I know, you can recruit!",1623769692
7339,5,75182,Awarded for earning either BR 120 or ASP Access in Planetside 2,1624756557
7340,68,75182,WarBoss with Commander Helmet,1624756680
7341,68,72956,Leadership Directive,1624756754
7358,187,73016,This award is for any member who has completely researched all vessels (excluding freemium/premium) for any 5 Nations.,1625951907
7359,126,73016,For completing all available operations with a five star rating.,1625951940
7368,5,80758,Enrolled in the Advanced Specialization Program.,1625952793
7376,126,78817,For completing all available operations with a five star rating.,1626063975
7399,180,81238,Reached lvl 100,1626596290
7432,221,27594,Served as an effective force commander during Weekly Operations.,1628004196
7433,221,45279,Served as an effective force commander during Weekly Operations.,1628004228
7441,180,82231,Reached lvl 100,1628380571
7446,41,45501,Member of the Reaper Operation Group,1628475240
7449,19,15725,"",1628969509
7454,213,61984,You successfully earned the title of Conqueror.,1629214536
7455,149,61984,You successfully earned the title of Cursebreaker.,1629214561
7456,149,56660,You successfully earned the title of Cursebreaker.,1629214581
7457,147,56660,You successfully earned the title of Dredgen.,1629214614
7467,18,58289,5 years with AOD!,1630333735
7477,18,27750,5 years,1631130912
7492,18,45279,"",1631395248
7507,18,47415,5 years with AOD!,1631994920
7510,5,59896,Enrolled in the Advanced Specialization Program. Overdue I imagine.,1632432706
7511,221,75182,Served as an effective force commander during Weekly Operations.,1632442964
7516,18,47708,5 years in AOD,1632916675
7517,147,62068,You're a Dredgen!,1632916775
7526,43,30768,CO Invitational Winner,1633233426
7527,43,72043,CO Invitational Winner,1633233448
7528,43,80420,CO Invitational Winner,1633233469
7529,43,75265,CO Invitational Winner,1633233499
7531,43,64526,CO Invitational Winner,1633233526
7539,43,80224,CO Invitational Winner,1633233634
7542,43,81309,CO Invitational Winner,1633233674
7543,43,80758,CO Invitational Winner,1633233698
7544,43,78215,CO Invitational Winner,1633233711
7548,43,79128,CO Invitational Winner,1633233778
7549,43,77953,CO Invitational Winner,1633233792
7550,43,39188,CO Invitational Winner,1633233827
7552,43,67032,CO Invitational Winner,1633233860
7554,43,36609,CO Invitational Admin,1633233902
7555,43,37184,CO Invitational Admin,1633233917
7556,43,54941,CO Invitational Admin,1633233933
7558,43,50789,CO Invitational Admin,1633233957
7560,43,27004,CO Invitational Admin,1633233976
7561,43,53201,CO Invitational Admin,1633233987
7562,43,51663,CO Invitational Admin,1633233999
7563,43,58029,CO Invitational Admin,1633234008
7566,68,78756,WarBoss with Commander Helmet,1633489198
7567,5,78215,Enrolled in the Advanced Specialization Program,1633489390
7574,41,78349,Former Commander; Member of the Reaper Operation Group,1633919100
7578,18,47415,5 Years with AOD!,1634177252
7580,179,75819,Super Duper,1634433200
7581,179,66203,Super Duper,1634433665
7588,179,78816,Super Squad Sat,1634434160
7589,180,78624,Reached lvl 100,1634599469
7621,221,60257,Served as an effective force commander during Weekly Operations.,1635735869
7627,182,78547,What will you do now that you're done with campaigning?,1636359830
7638,254,58029,For being an epic member of this division and helping to get this going I award this very first awarded badge to you!,1636556946
7639,254,30720,For being one of the two Pathfinder Commanders getting this epic piece of our Division up and running - Congratulations,1636557004
7640,253,3469,"For everything you do, and for helping to command the Reapers in NW - thank you, and Congratulations",1636557082
7650,16,82231,During November 2021 our division had 28 new recruits with Ovinus recruiting 14 of them.,1636833938
7668,18,46434,Congrats on 5 years with the clan.,1637280268
7670,68,27590,"for leading the platoons, again",1637379845
7671,68,51486,WarBoss with Commander Helmet,1637471703
7674,5,75419,Enrolled in the Advanced Specialization Program.,1637480315
7677,5,48920,Enrolled in the Advanced Specialization Program.,1637480522
7683,5,32542,Enrolled in the Advanced Specialization Program.,1637480881
7686,5,49460,Enrolled in the Advanced Specialization Program.,1637481030
7690,5,20923,Enrolled in the Advanced Specialization Program.,1637481276
7692,5,54541,Enrolled in the Advanced Specialization Program.,1637481383
7700,5,49121,Enrolled in the Advanced Specialization Program.,1637481777
7702,5,39551,Achieved battle rank 120.,1637481840
7703,5,78349,Enrolled in the Advanced Specialization Program.,1637481999
7705,5,74097,Enrolled in the Advanced Specialization Program.,1637482114
7706,5,80431,Enrolled in the Advanced Specialization Program.,1637482149
7707,5,31456,Enrolled in the Advanced Specialization Program.,1637482181
7708,5,56660,Enrolled in the Advanced Specialization Program.,1637482220
7709,179,73927,Super Science Saturday,1637530852
7711,179,58056,"",1637532445
7712,179,56835,"",1637532468
7715,257,81586,Guardian Angel Group Commander.,1637532660
7716,257,80293,Guardian Angel group member.,1637532660
7723,18,48716,5 years with AOD!,1637880439
7725,254,53683,Being the coolest CO and dabbling in everything!,1637889442
7726,253,53683,For being the coolest CO and dabbling in everything,1637889517
7730,68,75182,"for leading the platoons, again",1638002633
7735,254,22160,"Here you guy, flyboi ;E",1638299795
7739,18,48920,5 Years with AOD!,1638626683
7740,18,39290,5 Years with AOD!,1638626947
7744,18,46997,5 Years with AOD!,1638626994
7750,18,26758,5 Years with AOD!,1638627069
7776,19,17836,10 years of service.,1639760348
7780,182,78529,What will you do now that you're done with campaigning?,1640454739
7784,41,36028,Reaper Group Commander,1641265560
7785,41,59896,Officer of the Reaper Operation Group,1641265627
7787,126,81154,For completing all available operations with a five star rating.,1641321054
7793,209,80758,"",1641434017
7795,68,80758,WarBoss with Commander Helmet,1641865875
7796,5,43769,Achieved battle rank 120 and enrolled in the Advanced Specialization Program.,1641873688
7798,18,49472,5 years with AOD!,1642043609
7801,18,49952,5 years with AOD!,1642043765
7802,18,53449,5 years with AOD!,1642043806
7803,18,50058,Congrats on 5 years in AOD!,1642351855
7812,127,81154,Congrats you nutty collector!,1642669842
7816,251,75419,Congratulations on being the first to gain the Master of Arms Achievement,1642871837
7820,248,57510,Congrats on 200 on all refining skills!,1643178234
7821,126,81195,"",1643422855
7827,259,30010,Completed the LMG master directive.,1643751060
7830,259,74148,Completed the LMG master directive.,1643752920
7831,259,59896,"Completed the:

Assault Rifle, Carbine, LMG, Sidearm, Scout Rifle, Shotgun, Sidearm, Sniper Rifle, and Submachine Gun master directives on TR.

Assault Rifle, Carbine, LMG, and Sniper Rifle master directives on NC.

LMG and Sniper Rifle master directives on VS.",1643753040
7832,259,60411,Completed the LMG and Assault Rifle master directives.,1643757480
7833,259,78756,Completed the LMG and Submachine Gun master directives.,1643761920
7834,98,50789,"",1643764419
7835,99,50789,"",1643764463
7836,259,78215,Completed the LMG and Carbine master directives.,1643767980
7838,102,75265,HEAVY METASL MANIAC: UNLOCKED!,1643771747
7839,98,36609,PTFO MASTER:UNLOCKED!,1643771783
7840,259,77199,Completed the Submachine Gun master directive.,1643779020
7841,248,46317,Congrats on your Refining Achievement!,1643809501
7842,251,46317,Congratulations on your Weapons Mastery Achievement!,1643809551
7843,258,40630,You are gilded! (and thanks for making the design!),1643817513
7844,258,47708,You are gilded!,1643818165
7846,258,71753,You Are Gilded,1643818200
7847,211,47708,did all 7 raids in a day,1643818387
7848,212,47708,Got carried to Flawless,1643818416
7854,258,57833,You are Gilded!,1643864752
7863,104,71753,For leading so many raids and dungeons during Season of the Lost!,1643929409
7864,100,60442,Master-At-Arms COMPLETION!,1643933644
7865,101,60442,Super Soldier : COMPLETION!,1643933680
7866,99,60442,Gear Gremlin : COMPLETED,1643933710
7867,98,60442,PTFO MASTER: UNLOCKED!,1643933799
7872,98,55018,PTFO MASTER: UNLOCKED!,1643934114
7886,99,54478,Gear Gremlin,1644181998
7887,98,54478,PTFO MASTER!,1644182032
7888,101,54478,Super Soldier!,1644182068
7889,100,54478,Master At Arms,1644182103
7890,259,80293,Completed the Carbine master directive.,1644205440
7891,5,74148,Achieved battle rank 120,1644372409
7895,180,35543,Reached lvl 100,1644685711
7897,251,61918,Congratulations an your Achievement,1644715504
7898,248,61918,Congratulations on your Achievement,1644715562
7899,18,36707,5 years of service.,1644722621
7900,68,36707,WarBoss with Commander Helmet,1644722658
7901,5,36707,Enrolled in the Advanced Specialization Program.,1644722840
7904,259,34810,Completed the Assault Rifle master directive.,1644895800
7907,259,27590,Completed the Carbine master directive.,1644900480
7908,18,50265,5 years with AOD!,1644979023
7911,248,3469,Congrats on your Achievement!!!,1645047605
7917,249,46317,Achieving 200 in all gathering trades. Even fishing! Holy shit!,1645410744
7919,259,73252,Completed the Sniper Rifle master directive.,1645414620
7921,258,62068,You are Gilded!,1645467868
7923,249,53683,"For fishing for 4 freaking days straight! Such perseverance! Such discipline! Here, take a badge, you crazy person!",1645577681
7925,98,67455,PTFO MASTER!!,1646196304
7932,41,36707,Retired member of Reapers,1646578320
7933,180,83891,Reached lvl 100,1646754131
7938,259,41215,Completed the LMG and Sniper Rifle master directive.,1647049020
7941,101,55018,"",1647655144
7945,250,57510,"Congratulations on being the very first Adventurer to receive ""Hand of the Queen""",1647860730
7946,247,57510,Congratulations on being the first AOD Master Crafter - ti's no small feat so enjoy your accomplishment!,1647860821
7947,249,57510,"Amazing job on finishing up that fishing LOL but seriously, Congratulations!",1647860876
7948,100,30768,Master at Arms COMPLETED,1648234515
7954,41,45279,Member of the Reaper Operation Group,1648679501
7959,18,50789,5 Years of Service!,1648926353
7960,18,51663,5 Years of Service!,1648926362
7961,257,78329,Former Guardian Angels group member.,1649037480
7968,99,55018,Gear Gremlin: COMPLETED!,1650411887
7969,100,50789,"",1650421050
7972,182,65578,What will you do now that you're done with campaigning?,1650578419
7975,259,36028,Completed the LMG master directive.,1651323240
7979,227,82231,"",1651351368
7982,227,83987,"",1651351760
8007,101,54941,Super Soldier: COMPLETED!,1651630612
8010,5,21703,Enrolled in the Advanced Specialization Program.,1652148535
8012,101,67455,Super Soldier COMPLETION!,1652493261
8013,102,60442,Heavy Metal Maniac COMPLETION!,1652493328
8014,100,32515,Master-at-Arms COMPLETION,1652493384
8015,99,36609,Gear Gremlin COMPLETED,1652493436
8016,101,36609,Gear Gremlin COMPLETION,1652493467
8018,18,53201,5 years with AOD!,1652493712
8023,18,52375,5 years with AOD!,1652493834
8025,18,51510,5 years with AOD!,1652493914
8026,18,51270,5 years with AOD!,1652493937
8027,18,51214,5 years with AOD!,1652493957
8028,18,50841,5 years with AOD!,1652493979
8030,18,47696,5 years with AOD!,1652494053
8031,19,20285,10 years with AOD!,1652494128
8032,19,19824,10 years with AOD!,1652494143
8036,18,35580,5 years with AOD!,1652646512
8037,41,80431,Member of the Reaper Operation Group,1652753236
8039,100,55018,Master-At-Arms COMPLETION,1653098883
8041,188,79231,"Member who has gone well above and beyond expectations be it recruiting, personal sacrifice, selfless service, time and/or effort.",1653247560
8050,258,61984,You are gilded!,1654277191
8057,251,78099,Congratulations on your Achievement!!!,1654556010
8069,18,51486,5 years with AOD!,1654644364
8070,248,33044,Reached 200 on all refining trades,1654734517
8071,251,33044,Reaching Weapon Mastery on all weapons,1654734569
8072,251,40361,Congratulations on your Achievement!!,1654901675
8073,149,51864,You successfully earned the title of Cursebreaker.,1654961760
8080,248,38820,Congratulations on your Achievement!!,1655313726
8082,100,36609,"Master-At-Arms COMPLETION
Time to get good with the crossbow...",1655423303
8084,100,54474,Master-At-Arms COMPLETION,1655423386
8085,99,11137,Gear Gremlin COMPLETION,1655423432
8086,99,32515,Gear Gremlin COMPLETION,1655423453
8087,99,54474,Gear Gremlin COMPLETION,1655423491
8090,101,54474,Super Soldier COMPLETION,1655423644
8092,5,45279,Achieved Battle Rank 120 and enrolled in the Advanced Specialization Program.,1655601027
8093,18,53567,5 years with AOD!,1655695490
8098,18,53683,"Grats on Five years. Thank you for being my friend and looking out for me
 Yarrrrrrr!!!",1656262287
8101,248,53683,the thing for the thing,1656274047
8105,101,32515,Super Soldier COMPLETION,1656468241
8106,101,41224,Super Soldier COMPLETION,1656468292
8107,102,67455,Heavy Metal Maniac COMPLETION,1656468366
8108,98,84431,PTFO Master COMPLETION,1656468433
8109,99,67455,Gear Gremlin COMPLETION,1656468514
8110,98,84112,PTFO Master COMPLETION,1656468577
8111,98,24693,PTFO Master COMPLETION,1656468663
8113,18,53801,5 years with AOD!,1656899980
8114,5,80293,"",1657055100
8115,5,81586,Achieved rank of 120 in PS2. Congrats Solider.,1657055305
8117,182,81195,What will you do now that you're done with campaigning?,1657380822
8118,127,81195,Congrats you nutty collector!,1657380841
8120,180,69751,Reached lvl 100,1657918449
8122,6,72956,Winning the 2022 Summer ThunderDome!,1658020138
8124,6,59896,Winning the 2022 Summer ThunderDome!,1658020166
8125,6,33825,Winning the 2022 Summer ThunderDome!,1658020205
8126,6,60411,Winning the 2022 Summer ThunderDome!,1658020307
8128,6,78349,Winning the 2022 Summer ThunderDome!,1658020327
8129,101,60893,SUPER SOLDIER -COMPLETION,1658031043
8130,100,60893,Master at Arms COMPLETION!,1658031081
8131,102,60893,Heavy Metal Maniac COMPLETION!,1658031137
8132,99,60893,Gear Gremlin COMPLETION,1658031184
8133,98,60893,PTFO Master COMPLETION,1658031237
8139,251,57510,Congratulations on your Achievement!,1658151513
8150,180,49374,Reached lvl 100,1658800542
8152,98,41224,PTFO Master COMPLETION!,1659055838
8153,98,11137,PTFO Master COMPLETION!,1659055874
8154,101,80224,Super Soldier COMPLETION!,1659056003
8155,101,84431,Super Soldier COMPLETION!,1659056029
8156,100,84431,Master-at-Arms COMPLETION!,1659056068
8157,99,84431,Gear Gremlin COMPLETION!,1659056094
8158,102,84431,Heavy Metal Maniac COMPLETION!,1659056139
8162,18,38460,5 years in AOD,1659302136
8177,171,77045,Congrats on winning Plunderthon and Outbreak Events!,1659554400
8178,171,76442,Congrats on winning Plunderthon and Champions Hill!,1659554400
8179,171,83409,Congrats on winning Plunderthon!,1659554463
8180,171,72591,Congrats on winning Plunderthon!,1659558287
8181,171,72633,Congrats on winning Killathon!,1659558500
8182,171,83407,Congrats on winning Killathon!,1659558553
8184,171,32540,Congrats on winning the Champions Hill event!,1659559780
8187,160,72633,Thank you for participating in Platoon Wars 2023 events!,1690941600
8191,160,76442,Thank you for participating in Platoon Wars 2023 events!,1690941600
8193,160,63310,Thank you for participating in Platoon Wars 2023 events!,1690941600
8195,68,74148,"for leading the platoons, again",1659577140
8197,249,22160,Congrats on stealing all the resources from Aeternum :),1659792437
8198,18,54941,5 Years of service!,1660021969
8199,18,55018,5 Years of service!,1660021995
8200,101,11137,Super Soldier COMPLETED,1660092407
8204,18,54211,5 Years in AOD,1660356168
8211,18,54447,5 years with AOD!,1660936026
8212,18,54476,5 years with AOD!,1660936048
8213,18,54881,5 years with AOD!,1660936080
8214,19,20004,10 Years With AOD!!!!,1660936280
8220,249,3469,For being a completionist in a game that drives you absolutely Bonkers - Congratulations on your achievement :),1661289475
8221,99,80224,Gear Gremlin COMPLETED!,1661437063
8222,101,30768,Super Soldier COMPLETION!,1661437145
8223,100,41224,Master at Arms COMPLETION!,1661437190
8224,101,24693,Super Soldier COMPLETION!,1661437238
8225,180,79159,Reached lvl 100,1661542140
8226,196,82231,8/20/2022 AOD Tournament Winner,1661551505
8229,196,56800,Previous AOD Tournament Winner,1661641269
8230,196,45146,Previous AOD Tournament Winner,1661641284
8231,196,21441,Previous AOD Tournament Winner,1661641297
8232,196,66775,Previous AOD Tournament Winner,1661641315
8239,196,75819,Previous AOD Tournament Winner in Tank or Air,1661641787
8241,196,65366,Previous AOD Tournament Winner in Tank or Air,1661641816
8242,196,60082,Previous AOD Tournament Winner in Tank or Air,1661641830
8243,196,39909,Previous AOD Tournament Winner in Tank or Air,1661641844
8268,98,80224,PTFO Master!,1662495915
8269,98,11848,PTFO Master!,1662495930
8270,98,68117,PTFO Master!,1662495942
8271,257,25216,Former Guardian Angel group member.,1663020720
8272,180,80340,Reached lvl 100,1663217765
8273,98,66247,PTFO Master Completed,1663341050
8274,180,55011,Reached lvl 100,1663444688
8275,180,78414,Reached lvl 100,1663909896
8276,180,74577,"",1663982638
8277,257,43769,Former Guardian Angel group member.,1664202000
8280,100,63638,"Master at Arms, Completed",1664917948
8281,99,68117,"Gear Gremlin, completed!",1664917990
8282,180,34936,Reached lvl 100,1665241956
8283,213,71484,"",1665254031
8284,213,62068,You're a Conqueror!,1665254069
8285,258,38460,You are Gilded,1665254150
8286,18,29260,Congrats!,1665626011
8291,99,82028,Gear Gremlin Completed!,1665950095
8292,100,82028,Master at Arms Completed,1665950941
8293,41,65886,Member of  the Reaper Operation Group.,1666214988
8296,282,78414,Rank 7 unlocked.,1666862096
8297,16,68677,Made our new forum badges.,1666873023
8300,282,66775,Rank 7 unlocked.,1666948026
8301,283,66775,"",1666948079
8303,285,61984,by Far the B.W.D.G at our Halloween Event,1667164741
8305,282,32795,Rank 7 unlocked.,1667210564
8312,18,54487,5 years with AOD!,1668647881
8314,18,22599,5 years with AOD!,1668648232
8317,18,25216,5 years with AOD!,1668648300
8319,18,32736,5 years with AOD!,1668648352
8321,18,36315,5 years with AOD!,1668648414
8322,19,21068,10 Years with AOD! Congratulations!,1668648531
8323,19,20923,10 Years with AOD! Congratulations!,1668738696
8325,213,3716,You successfully earned the title of Conqueror,1668803711
8326,100,66247,Congrats on the award!,1668824451
8327,18,56800,5 years with AOD!,1668831532
8328,18,56835,5 years with AOD!,1668831575
8329,182,75379,What will you do now that you're done with campaigning?,1668879947
8330,284,66775,"",1668882881
8337,282,49374,rank 7 unlocked,1670561179
8338,16,49374,100+ recruits,1670561323
8339,227,49374,Great Impact in the division throughout its history.,1670561660
8340,282,82231,Has unlocked rank 7 vehicle in warthunder!,1670624053
8342,257,36315,Guardian Angel group officer.,1670815020
8343,257,74120,Former Guardian Angel group member.,1670815080
8347,18,58029,"In celebration of your shenanaganeries, for all the chaotic good you bring to AOD, as well as the lives of the people around you, and for being the most EPIC Munkee ever - Congratulations on being a member for 5 years so far in AOD - I look forward to the next 5 :)",1670972220
8348,98,32515,PTFO MASTER: UNLOCKED!,1671673389
8350,101,35944,Super Soldier: COMPLETED!,1671673616
8351,98,35944,PTFO MASTER:UNLOCKED!,1671673678
8352,99,35944,Gear Gremlin : COMPLETED!,1671673710
8353,101,11848,Super Soldier: COMPLETED!,1671673788
8359,282,70753,Has unlocked a rank 7 vehicle in war thunder.,1671839341
8361,251,32736,Congratulations on your achievement - well done!,1672290161
8371,68,74148,Why do you have three of these? Keep up leading those platoons.,1672970725
8372,213,62859,You successfully earned the title of Conqueror,1673129937
8373,247,46317,Congratulations on being the third documented Master Crafter - this is no small feat - well done :),1673993972
8374,250,46317,It is with great honor that I bestow to you the badge for Hand of the Queen - a lot of hard work always pays off - Congratulations,1673994049
8375,18,57681,5 years with AOD!,1674291627
8376,18,58056,5 years with AOD!,1674291659
8377,18,21441,10 years with AOD!,1674291688
8378,18,21439,10 years with AOD!,1674291709
8379,180,56835,Reached lvl 100,1674495355
8380,18,26633,5 / 9.1 YEAR barge,1674702726
8381,246,80625,"Winner of the January, 2023 NCO Hunting Season event.",1675029660
8382,246,80293,"Winner of the January, 2023 NCO Hunting Season event.",1675029660
8383,246,46599,"Winner of the January, 2023 NCO Hunting Season event.",1675029720
8384,246,22083,"Winner of the January, 2023 NCO Hunting Season event.",1675029720
8385,246,80431,"Winner of the January, 2023 NCO Hunting Season event.",1675029720
8388,99,54941,Gear Gremlin,1675212804
8389,100,54941,Master at arms,1675212826
8390,98,54941,PTFO MASTER!,1675266720
8391,284,78272,Has dropped a nuke in war thunder.,1675555539
8392,282,69751,Has unlocked a rank 7 vehicle in war thunder!,1675606581
8394,259,20923,3-11-17 - unlocked Trackshot!,1675988738
8395,259,74097,Completed the LMG master directive.,1675988760
8396,259,65886,Completed the LMG master directive.,1675988820
8397,259,75419,Completed the LMG master directive.,1675988940
8398,101,50789,"",1676072604
8399,18,59652,5 years of service,1676224403
8400,19,24693,10 years! Congrats!,1676352797
8402,19,26633,10 YEARS!,1676352847
8404,18,60052,5 YEARS!,1676352911
8406,18,60442,5 YEARS!,1676352954
8407,18,60893,5 YEARS!,1676353565
8408,18,61047,5 YEARS!,1676353586
8411,18,62110,5 YEARS!,1676353633
8412,18,62339,YEAH YEAH YEAH,1676353647
8413,18,62375,5 YEARS!,1676353665
8414,18,63310,5 YEARS!,1676353683
8416,18,63822,5 YEARS!,1676354485
8417,18,63917,5 YEARS!,1676354510
8420,18,64364,5 YEARS!,1676354562
8421,18,64526,5 YEARS!,1676354576
8422,18,64571,5 YEARS!,1676354592
8423,18,64970,5 YEARS!,1676354607
8426,18,64971,5 YEARS!,1676354667
8427,18,65500,5 YEARS!,1676354683
8428,18,65820,5 YEARS!,1676354697
8429,18,65960,5 YEARS!,1676354711
8430,18,65993,5 YEARS!,1676354727
8432,18,66112,5 YEARS!,1676354755
8433,18,66247,5 YEARS!,1676354770
8436,247,84285,Congratulations on your achievement,1676946664
8437,248,84285,Congratulations on your Achievement,1676946706
8438,249,84285,Congratulations on your Achievement,1676946740
8439,250,84285,"Absolutely outstanding effort and achievement  - i am very honored to bestow the you the title ""Hand of the Queen"" in reward of these efforts and accomplishments!!",1676946805
8440,19,21576,Congrats on 10 Years,1677209733
8441,98,72761,"",1677416002
8443,19,22160,10 Years with AOD! Congratulations!,1677970255
8445,18,60257,Congratulations for 5 years! Thank you for everything Catfish!,1678231528
8447,247,3469,Congratulations on your achievement of Master Crafter!!!,1678570897
8448,250,3469,"It is with great honor that I bestow to you the the badge for ""Hand of the Queen"" - well done!",1678570983
8449,250,53683,Yay!,1678571005
8450,247,53683,Yay!,1678571030
8451,19,21842,10 years with AOD! Congrats!,1678573876
8452,19,21703,10 years with AOD! congrats!,1678573999
8453,19,21805,10 years with AOD! Congrats!,1678574115
8454,19,22083,10 years with AOD! Congrats!,1678579719
8457,18,59824,Congratulations on 5 years!,1678579835
8458,18,59811,Congratulations on 5 years!,1678579845
8459,18,60411,Congratulations on 5 years!,1678579859
8465,101,66247,"",1678924618
8466,102,55018,Completed!,1679092559
8468,282,58056,Has rank 7 and 8 unlocked,1679197048
8469,18,60082,5 YEARS!,1679249921
8470,253,22160,"For being a mediocre PvPer, but still doing PvP!",1680311363
8471,248,22160,Congratulations on your Achievement!!,1680312252
8473,147,40630,"For achieving the Gambit Seal of Dredgen.
Congratulations AOD_dobocop",1681120953
8474,147,61984,"For achieving the Gambit Seal of Dredgen.
Congratulations AOD_Disanymous",1681121127
8475,101,82028,"",1681128987
8478,18,60632,5 years with AOD!,1681176061
8479,259,74120,Completed the LMG master directive.,1681549980
8480,100,80224,"",1681639468
8481,259,45501,Completed the LMG master directive.,1681855500
8482,68,36028,Technically lead enough platoons,1681855624
8486,99,11848,"",1682297088
8487,101,85366,"",1682297158
8488,98,85366,"",1682297170
8489,147,77045,You successfully earned the title of Dredgen.,1682371696
8490,127,78414,Target achieved,1682422620
8491,182,78414,Target acheived,1682422805
8493,19,17730,"",1682732291
8494,99,84112,"",1682816169
8495,104,40630,You have been selected to be a member of the Pathfinder team!,1682878230
8497,18,59896,5 years with AOD! Congrats!,1683421549
8501,56,85366,Congrats on completing the Eleventh Hour XO Challenge!,1683856977
8502,102,85366,"",1684020732
8504,247,61920,Congratulations on your Shinies!,1684205334
8505,248,61920,Congratulations on your Shinies!,1684205357
8506,249,61920,Congratulations on your Shinies!,1684205380
8507,250,61920,Congratulations on your achievements - well earned - enjoyed your shinies!,1684205420
8510,187,72558,This award is for any member who has completely researched all vessels (excluding freemium/premium) for any 5 Nations.,1684253602
8511,251,3469,Congratulations on achieving Weapon Mastery on all Weapons - well done :),1684289497
8512,213,68677,You successfully earned the title of Conqueror,1684355039
8513,18,61920,Congrats on 5 years with AOD!,1684552091
8516,18,61756,5 years with AOD!,1684605235
8517,18,35543,5 years with AOD!,1684605425
8524,98,30768,"",1684698941
8525,99,30768,"",1684698969
8526,99,41224,"",1684699264
8527,247,84490,Congratulations on your Achievement of Master Crafter!,1684758584
8528,248,84490,Congratulations on your Achievement of Master Refiner!,1684758631
8529,249,84490,Congratulations in Achieving Master Gatherer! - thats a lotta wood choppin!,1684758696
8530,250,84490,"It is with great privilege that i bestow to you the honor of ""The Hand of The Queen""",1684758788
8531,251,84490,Way to smash all the things with ALLL the shiny toys! Congratulations on your achievement of Master of Arms!,1684758860
8532,99,53201,"",1684975274
8533,248,83957,Congratulations on your Achievement!,1684986817
8534,249,83957,Achieving 200 in all gathering trades!!!,1684986878
8535,18,57510,It's been 5 years with AOD - Congratulations!,1684987363
8537,18,61918,It's been 5 years with AOD - Congratulations!!!,1684987519
8539,247,84544,Congratulations on the Master Crafter status!!  Great Job!,1685545173
8540,248,85345,Congrats on 200 refining!!,1685545495
8549,102,41224,"",1686051184
8550,147,71753,You successfully earned the title of Dredgen.,1686229753
8551,149,71753,You successfully earned the title of Cursebreaker.,1686229792
8552,213,71753,ou successfully earned the title of Conqueror.,1686229859
8553,258,68677,You are gilded!,1686229934
8557,249,85345,Congratulations on your Achievement!!,1686662905
8558,19,23883,10 years with AOD!,1687008344
8560,182,72558,Target Achieved,1687280122
8563,18,63527,Member has been a member of AOD for 5 years! Congratulations!!,1688124467
8564,19,19955,You've been here over 10 years!,1688124782
8565,18,54253,Member has been a member of AOD for 5 years! Congratulations!!,1688135666
8566,194,82231,1508 points in II/2024 Season,1714557960
8570,16,80340,"",1688480868
8571,227,80340,"",1688481219
8572,98,51663,"",1688497634
8573,247,83957,Reached 200 in all crafting.,1688648649
8574,98,69291,"",1689209624
8575,5,22083,Achieved battle rank 120.,1689349679
8576,259,22083,Completed the LMG and Carbine master directives.,1689349740
8577,18,63207,5 years with AOD!,1689421341
8578,18,62884,5 years with AOD!,1689421484
8581,19,24241,10 years with AOD!,1689421706
8582,140,34445,20 years with AOD!,1689421827
8583,140,34478,20 years with AOD!,1689421909
8584,18,61984,5 years of AOD service.,1689448120
8587,99,66247,"",1689629425
8588,102,66247,"",1689629442
8592,19,24276,10 years of membership and updating TS IDs.,1690523577
8593,140,4587,20 years with AOD!,1690641414
8594,127,72558,has met criteria for award,1690741325
8596,126,72558,For completing all available operations with a five star rating.,1690744924
8597,18,45758,5 Years with AOD,1690760601
8600,160,86019,Thank you for participating in Platoon Wars 2023 events!,1690942560
8601,160,86099,Thank you for participating in Platoon Wars 2023 events!,1690942560
8602,160,77002,Thank you for participating in Platoon Wars 2023 events!,1690942620
8603,160,77045,Thank you for participating in Platoon Wars 2023 events!,1690942620
8604,160,76316,Thank you for participating in Platoon Wars 2023 events!,1690942680
8605,160,85612,Thank you for participating in Platoon Wars 2023 events!,1690942680
8608,160,66098,Thank you for participating in Platoon Wars 2023 events!,1690942800
8609,160,79416,Thank you for participating in Platoon Wars 2023 events!,1690942860
8611,160,36028,Thank you for participating in Platoon Wars 2023 events!,1690942920
8612,160,80727,Thank you for participating in Platoon Wars 2023 events!,1690942980
8613,160,59099,Thank you for participating in Platoon Wars 2023 events!,1690942980
8614,160,78024,Thank you for participating in Platoon Wars 2023 events!,1690942980
8615,160,85992,Thank you for participating in Platoon Wars 2023 events!,1690943040
8616,160,45133,Thank you for participating in Platoon Wars 2023 events!,1690943100
8617,18,62859,Commemorating 5 Years of AOD membership. Congratulations!,1690993345
8618,172,79416,Congrats on helping lead your platoon to a Win!,1691622227
8619,172,86099,Congrats on helping lead your platoon to a Win!,1691622266
8620,172,46715,Congrats on helping lead your platoon to a Win!,1691622300
8622,172,85612,Congrats on helping lead your platoon to a Win!,1691622365
8623,172,69078,Congrats on helping lead your platoon to a Win!,1691622401
8626,172,83407,Congrats on helping lead your platoon to a Win!,1691622478
8627,269,79416,Congrats on being one of the Most Badass Members the COD Division has!,1691622685
8628,269,45133,Congrats on being one of the Most Badass Members the COD Division has!,1691622713
8629,269,86099,Congrats on being one of the Most Badass Members the COD Division has!,1691622742
8630,269,76442,Congrats on being one of the Most Badass Members the COD Division has!,1691622784
8631,269,77002,Congrats on being one of the Most Badass Members the COD Division has!,1691622801
8632,269,76316,Congrats on being one of the Most Badass Members the COD Division has!,1691622862
8633,269,86019,Congrats on being one of the Most Badass Members the COD Division has!,1691622880
8634,269,77045,Congrats on being one of the Most Badass Members the COD Division has!,1691622906
8635,269,72633,Congrats on being one of the Most Badass Members the COD Division has!,1691622921
8636,269,46715,Congrats on being one of the Most Badass Members the COD Division has!,1691623087
8637,170,79416,"",1691624107
8638,170,45133,"",1691624119
8639,170,86099,"",1691624130
8640,170,77002,"",1691624145
8642,251,53683,Yay,1691974020
8643,248,84544,Congratulations on your Award - apologies on the delay <3,1691974311
8644,249,84544,Congratulations on your achievement - my apologies for the delay,1691974499
8645,250,84544,"Wohooooo you have received Hand of the Queen due to your diligence and time spent crafting, refining and creating in New World",1691974627
8646,282,73016,Rank 7 unlocked.,1692377521
8647,282,80340,Has unlocked rank 7 vehicle in warthunder!,1692377606
8648,180,73016,Reached lvl 100!,1692377905
8653,41,56660,Former Reaper group member.,1692569813
8654,259,56660,"Completed the Assault Rifle, Carbine, LMG, and Submachine Gun master directives.",1692569880
8655,257,46599,Former Guardian Angel Group Commander. Creator of the Guardians.,1692570934
8656,100,35944,"",1693271346
8657,18,64312,"",1693661135
8667,104,61984,You have been selected to be a member of the Pathfinder team!,1693849520
8668,287,68677,"For achieving the Destination Seal ""Virtual Fighter"" for Neomuna, Congratulations!",1693853599
8670,286,47708,You're Paragon,1693857373
8673,289,71753,"For mastering all of Destiny 2's weapon archetypes and achieving the title ""Deadeye"" in game, Congratulations!",1694172925
8675,288,68677,"Has completed all of the annual seasonal events and achieved the Title of ""Reveler"" in game, Congratulations!",1694173286
8676,288,71753,"Has completed all of the annual seasonal events and achieved the Title of ""Reveler"" in game, Congratulations!",1694173479
8677,104,76684,You have been selected to be a member of the Pathfinder team!,1694559008
8679,180,40055,lvl 100,1694634787
8680,18,56210,Member has been a member of AOD for 5 years! Congratulations!!,1694788491
8683,249,83457,Congrats on gathering 200!,1694993444
8684,100,85366,"",1695214579
8685,282,53567,"Congratulations on having fulfilled the requirements to be awarded the ""War Thunder - Maxed out!"" forum badge. 

-Has unlocked a rank 7 vehicle in war thunder. Squadron Vehicles/ Event vehicles / Premiums do not count. T-80B - Russia",1695235665
8686,18,64975,Member has been a member of AOD for 5 years! Congratulations!!,1696162080
8687,180,84644,Reached lvl 100,1696261213
8688,213,27416,You successfully earned the title of Conqueror Guardian. Congratulations and well done.,1697285002
8691,99,69291,"",1697717810
8692,19,26100,10 years with AOD!,1697893416
8693,18,63638,"grats, ya turd muffin on 5 years.",1698264046
8694,288,40630,"Has completed all of the annual seasonal events and achieved the Title of ""Reveler"" in game, Congratulations!",1698415530
8695,213,40630,You successfully earned the title of Conqueror Guardian. Congratulations and well done.,1698415576
8697,98,63638,"",1698668133
8698,99,63638,"",1698668147
8699,100,63638,"",1698668162
8700,99,68239,"",1698668191
8701,101,68239,"",1698668200
8702,100,68239,"",1698668212
8703,18,65578,Member has been a member of AOD for 5 years! Congratulations!!,1698792727
8704,282,32405,Rank 7 unlocked!,1698876060
8705,18,27434,"",1698929398
8706,99,27434,"",1698929438
8707,98,27434,"",1698929449
8708,249,64987,Congrats! Sorry for the delay,1699289400
8709,252,57510,Congrats nerd!,1699289485
8710,18,62068,Commemorating 5 Years of AOD Service Guardian. Congratulations!,1699364305
8711,100,27434,"",1699714324
8712,18,65366,5 years with AOD!,1700169740
8722,180,85234,Reached lvl 100,1700636344
8723,101,63638,"",1700834785
8724,18,66366,Commemorating 5 Years of AOD membership.,1701369281
8725,18,66114,Nerd,1701645456
8728,287,47708,"",1701982317
8729,180,40152,Reached lvl 100,1702853123
8730,180,51039,Reached lvl 100,1702853147
8733,284,82231,Has dropped a nuke in war thunder.,1702940477
8734,16,35543,For meritorious service above and beyond the call of duty during the December 2023 Christmas event.,1703083318
8736,18,65194,5 years in AOD!,1703539724
8738,18,27308,Member has been a member of AOD for 5 years! Congratulations!!,1703843360
8739,18,59028,Member has been a member of AOD for 5 years! Congratulations!!,1704067847
8740,19,27205,10 Years with AOD! Congratulations!,1704068034
8741,19,27434,"",1704209249
8742,99,85366,"",1704224996
8751,257,82580,Guardian Angel group member,1705380320
8752,18,66775,5 years with AOD!,1705759317
8753,18,66203,5 years with AOD!,1705759388
8754,18,66058,5 years with AOD!,1705759478
8755,19,27320,10 years with AOD!,1705759558
8756,19,21439,10 years with AOD!,1705760108
8757,19,21441,10 years with AOD!,1705760213
8758,18,34959,5 years with AOD!,1706053581
8759,187,81196,5 tier10s,1706061932
8760,19,25996,Congratulations from the whole Planetside Division,1706405389
8761,252,53683,She did it!!,1706562894
8762,284,55752,Has dropped a nuke in war thunder.,1706956834
8763,248,54941,Congrats Nerd!,1707164113
8764,180,85294,Reached lvl 100,1707454470
8765,18,59373,5 years with AOD!,1708174172
8766,252,86584,243 Territory rep,1708185948
8767,188,19955,"He has been in AOD for around 10 years, has ran clan battles for a long time and alos put alot of effort into knowing ships and classes as well as organizing tournaments",1708221914
8768,257,72498,Guardian Angel group member,1708559209
8769,18,67882,Member has been a member of AOD for 5 years! Congratulations!!,1709392053
8771,282,76448,"",1709870682
8775,180,60632,Reached lvl 100,1711192896
8776,287,27308,"For achieving the Destination Seal ""Virtual Fighter"" for Neomuna, Congratulations!",1711223948
8777,18,60632,For 5 years of faithful service to Angels of Death!,1711241588
8778,18,66001,5 rotations of earth have passed.,1711416464
8779,98,66001,You earned it!,1711416498
8780,99,66001,Gear Gremlin Complete,1711416519
8781,127,66001,You earned it,1711416575
8782,182,66001,GG,1711416593
8783,187,66001,5 tier 10 ships?,1711416634
8785,101,66001,you earned it,1711614300
8787,287,3716,"For achieving the Destination Seal ""Virtual Fighter"" for Neomuna, Congratulations!",1711618623
8788,258,63083,You are gilded!,1712164300
8789,213,63083,You successfully earned the title of Conqueror,1712164498
8790,210,63083,You successfully earned the title of Forerunner.,1712164538
8791,147,63083,You successfully earned the title of Dredgen.,1712164564
8792,149,63083,You successfully earned the title of Cursebreaker.,1712164588
8793,151,63083,You have earnt the title of 'Rivensbane',1712164648
8794,287,63083,"For achieving the Destination Seal ""Virtual Fighter"" for Neomuna, Congratulations!",1712164684
8795,289,63083,"For mastering all of Destiny 2's weapon archetypes and achieving the title ""Deadeye"" in game, Congratulations!",1712164748
8796,286,63083,You're Paragon,1712164786
8797,18,68677,5 years with AOD!,1712253971
8798,19,28093,10 years! Congrats!,1712329555
8799,18,68239,5 years! Congrats!,1712329597
8800,5,72498,Achieved ASP in PS2,1712439788
8801,68,72498,NS Commander Helmet,1712439813
8802,221,72498,Served as an effective force commander during Weekly Operations.,1712439852
8803,296,36028,Congrats!,1712609166
8804,296,86079,Unlocked em all!,1712609193
8805,296,66001,Gotta unlock em all!,1712609213
8806,296,72498,Unlocked them all. Like a boss.,1712609233
8807,297,36028,Upgraydd with 2 D's.,1712609300
8808,297,66001,"Upgraydd, with 2 D's!",1712609346
8809,297,72498,"Upgraydd, with 2 D's!",1712609366
8810,298,36028,Level 50+,1712609422
8811,298,66001,Level 50+,1712609443
8812,298,72498,Level 50+,1712609452
8813,301,59896,Helldive successful,1712609460
8814,301,59811,Helldive successful!,1712609544
8815,301,72498,Helldive successful!,1712609558
8816,301,36028,Helldive Successful!,1712609570
8818,301,10264,Helldive Successful!,1712609673
8819,301,87173,Helldive Successful!,1712609686
8821,301,63207,Helldive Successful!,1712609746
8822,301,66001,Helldive Successful!,1712609766
8823,301,59362,Helldive Successful!,1712609785
8824,301,25996,Helldive Successful!,1712609797
8825,301,82580,Helldive Successful!,1712609810
8826,301,45501,Helldive Successful!,1712609825
8827,302,59896,Event Winner! 23:45 Fortified Democracy!,1712609897
8828,302,27594,Event Winner! 23:45 Fortified Democracy!,1712609909
8829,302,47473,Event Winner! 23:45 Fortified Democracy!,1712609970
8830,302,74681,Event Winner! 23:45 Fortified Democracy!,1712609985
8831,296,59896,Unlocked everything.,1712619103
8832,297,59896,"Upgraydd, with 2 D's!",1712619126
8833,298,59896,Level 50+,1712619148
8834,301,84772,Helldive successful!,1712620911
8835,68,22083,WarBoss with Commander Helmet,1712628214
8836,19,21824,10 years of service.,1712628347
8838,5,21824,Enrolled in the Advanced Specialization Program.,1712628432
8840,286,68677,You're Paragon,1712700116
8841,297,50789,"",1712782458
8842,296,50789,"",1712782486
8844,301,86079,Helldive Successful!,1713044715
8845,180,83858,reached level 100,1713111660
8846,282,83858,"",1713112277
8847,284,83858,"",1713112307
8848,18,68619,For 5 years of faithful service to Angels of Death! Thank you.,1713151658
8849,18,51864,"A couple years late, but congratulations on 5 years in AOD!",1713198755
8850,296,41224,"",1713370769
8852,180,76448,Reached lvl 100,1713616263
8853,18,68896,5 Years with AOD! Congrats!,1713630426
8854,302,86558,Event Winner! 4:57 Wheel of Liber-TEA!,1713643815
8855,302,68813,Event Winner! 4:57 Wheel of Liber-TEA!,1713643870
8856,296,59400,Unlock them all!,1713643941
8857,297,59400,Upgraded all the way!,1713643967
8858,298,59400,Level 50+,1713643989
8859,18,59400,5 years with AOD!,1713644009
8860,298,86079,50+,1713644034
8861,296,72761,Gottem all!,1713818014
8862,19,27004,"",1714151623
8863,19,27416,"",1714151651
8864,296,86558,Unlocked all Stratagems,1714354953
8865,298,86558,Attained Level 50,1714355010
8866,297,86558,Fully Upgraded all ship modules,1714355079
8867,102,86621,"",1714423935
8868,99,86621,"",1714423965
8869,100,84112,"",1714424031
8870,99,87174,"",1714424213
8871,101,87174,"",1714424236
8872,98,87174,"",1714424259
8873,100,87174,"",1714424969
8874,19,27590,"10 years as a member and the longest CO! 

Keep on rockin' sky bison.",1714427310
8875,180,82830,Reached lvl 100,1714475489
8876,284,82830,Has dropped a nuke in warthunder.,1714475544
8877,301,57993,You earned it!,1714529698
8878,301,59400,You earned it!,1714529739
8879,301,22599,You earned it!,1714529836
8880,194,75136,1549 points in II/2024 Season,1714570472
8881,194,83502,1416 points in II/2024 Season,1714570558
8882,194,76448,1400 points in II/2024 Season,1714570589
8883,194,73016,1390 points in II/2024 Season,1714570643
8884,194,35283,1338 points in II/2024 Season,1714570687
8885,194,80357,1316 points in II/2024 Season,1714570723
8886,194,46327,1314 points in II/2024 Season,1714570757
8887,194,75944,1277 points in II/2024 Season,1714570785
8888,194,82830,1243 points in II/2024 Season,1714570814
8889,194,66775,1208 points in II/2024 Season,1714570847
8890,194,79404,1201 points in II/2024 Season,1714570882
8896,297,87268,Fully Upgraded all ship modules,1714668962
8897,296,87268,Unlocked all Stratagems,1714668986
8898,298,87268,Attained Level 50,1714669026
8899,296,65404,Unlocked all Stratagems,1714669081
8900,301,65404,Completed a Helldive difficulty mission with a full AOD squad,1714669121
8901,301,24693,Completed a Helldive difficulty mission with a full AOD squad,1714669155
8902,301,29133,Completed a Helldive difficulty mission with a full AOD squad,1714669189
8904,104,63083,You have been selected to be a member of the Pathfinder team!,1714671471
8905,18,64885,5 years with AOD!,1714680951
8910,301,38999,Completed a Helldive difficulty mission with a full AOD squad,1714755018
8911,301,26633,Completed a Helldive difficulty mission with a full AOD squad,1714755061
8912,301,87268,Completed a Helldive difficulty mission with a full AOD squad,1714755097
8913,301,56643,Completed a Helldive difficulty mission with a full AOD squad,1714789960
8914,301,85715,Completed a Helldive difficulty mission with a full AOD squad,1714789974
8915,296,80977,Unlocked all Stratagems,1714790286
8916,18,62580,5 years!,1714792850
8917,18,60586,5 years!,1714792977
8918,18,47473,5 years!,1714793049
8919,19,29133,10 years!,1714793260
8920,19,27594,10 years!,1714793292
8921,19,27750,Congrats on 10 years!!,1714798019
8923,302,86079,Event Winner! 14:59 Stealth of Democracy!,1714853857
8924,301,87264,Helldive successful!,1714945008
8925,301,62580,Helldive successful!,1714945040
8926,139,8997,Congrats on the milestone sir!,1715001240
8927,18,69812,5 Years with AOD!,1715001741
8928,19,29260,10 years with AOD!,1715001779
8929,296,87264,Unlocked all Stratagems,1715011367
8930,297,87264,Fully Upgraded all ship modules,1715011399
8931,298,87264,Attained Level 50,1715011416
8932,297,86079,Fully Upgraded all ship modules,1715028073
8934,18,44725,5 years with AOD!,1715102223
8936,98,86621,"",1715463989
8937,101,86621,"",1715464003
8938,99,81700,"",1715464111
8939,101,81700,"",1715464130
8940,100,81700,"",1715464147
8941,102,81700,"",1715464169
8942,98,81700,"",1715464187
8943,296,87173,Unlocked all Stratagems,1715533127
8944,299,87173,Completed 5 warbonds,1715533167
8945,297,87173,Upgraded all ship modules,1715533216
8946,298,87173,Level 50+,1715533268
8947,300,87173,Killed so many things,1715533308
8948,299,87264,Fully completed 5 warbonds,1715628635
8949,180,55752,Reached lvl 100,1715631636
8950,284,75018,Has dropped a nuke in warthunder.,1715645833
8951,282,75018,Rank 7 unlocked.,1715645904
8952,180,75018,Reached lvl 100,1715645979
8953,299,66001,Fully completed 5 Warbonds,1715976747
8955,298,65404,Level 50!,1716089720
8956,301,32509,Completed a Helldive difficulty mission with a full AOD squad,1716134886
8957,298,32509,Level 50+,1716134932
8958,299,36028,Spent a lot of medals on warbonds.,1716243378
8959,300,66001,Killed a lot of stuff.,1716413233
8961,300,72498,Killed many things for Super Earth!,1716665623
8962,299,72498,Completed 5 Warbonds,1716670086
8964,301,80977,Completed a Helldive difficulty mission with a full AOD squad,1716684635
8965,257,87086,Guardian Angel group member,1716775297
8966,104,87263,You have been selected to be a member of the Pathfinder team!,1716902702
8967,299,86558,Fully completed 5 Warbonds,1717212342
8968,301,86558,Completed a Helldive difficulty mission with a full AOD squad,1717212395
8970,19,30010,10 years!,1717269492
8971,101,86621,Congrats!,1717351795
8972,99,81700,Congrats!,1717352065
8973,98,85612,Congrats!,1717352224
8974,102,80224,Congrats!,1717352327
8975,302,87264,Event winner May 25th,1717460880
8977,302,80977,Event winner may 25th,1717461000
8979,302,45121,Event Winner June 8,1717900559
8980,299,59896,Completed fully 5 warbonds,1718114972
8981,299,86079,Fully completed 5 fully warbonds,1718234881
8984,301,46353,Completed 6/22/2024,1719019980
8985,301,87169,Completed 6/22/2024,1719019980
8986,99,87316,"",1719397535
8987,100,87316,"",1719397556
8988,102,87316,"",1719397606
8989,101,87316,"",1719397625
8990,98,87316,"",1719397640
8993,18,70593,5 years with AOD!,1719774029
8994,19,30720,10 years with AOD!,1719849552
8995,184,59028,Well deserved,1720215746
8997,41,87114,Member of the Reaper Operation Group,1720404022
8999,283,82231,Congrats!,1720884626
9000,18,70832,"",1721089235
9001,18,70810,"",1721089259
9002,18,70753,"",1721089296
9004,18,53782,"",1721089369
9005,98,87267,"",1721168755
9006,99,87267,"",1721168771
9007,100,87267,"",1721168784
9008,101,87267,"",1721168803
9009,102,87267,"",1721168834
9010,147,82657,You successfully earned the title of Dredgen.,1721197943
9011,147,87263,You successfully earned the title of Dredgen,1721198082
9012,213,87263,You successfully earned the title of Conqueror.,1721198118
9014,213,84679,You successfully earned the title of Conqueror.,1722294013
9015,147,84679,You successfully earned the title of Dredgen.,1722294099
9016,288,84679,"Has completed all of the annual seasonal events and achieved the Title of ""Reveler"" in game, Congratulations!",1722294143
9017,289,84679,"For mastering all of Destiny 2's weapon archetypes and achieving the title ""Deadeye"" in game, Congratulations!",1722294266
9018,147,3716,You successfully earned the title of Dredgen.,1722374905
9019,102,32515,Congrats,1722701766
9024,18,7229,5 Years in AOD! (Legacy issue),1723231511
9025,139,7229,15 YEARS IN AOD!,1723231542
9026,18,71484,Congratulations on 5 years of service to AOD,1723566252
9027,180,87861,congrats on 100 levels of pain,1724080718
9028,282,87861,Congrats,1724080949
9029,209,55018,For your continued assistance in finding discrepancies,1724117188
9030,299,65404,Fully completed 5 Warbonds,1724621893
9031,18,71753,Commemorating 5 Years of AOD membership. Awesome.,1725970952
9032,19,31832,Congratulations sir! An old fashioned shall be had in honor!,1725973058
9033,19,31782,10 Years with AOD! Congratulations!,1726070582
9034,18,55295,5 years with AOD!,1726914530
9035,303,80293,Completed the Summer 2024 Directive.,1727151823
9037,303,78215,Completed the Summer 2024 Directive.,1727151920
9038,140,3443,20 years with AOD!,1727811447
9039,104,85173,You have been selected to be a member of the Pathfinder team!,1729160870
9040,18,72495,"",1729247832
9041,18,72150,"",1729247878
9042,19,32405,"",1729247960
9043,19,32509,For being Old and Awesome in AOD for 10 freakin years!!!!!,1729792025
9044,282,70832,Rank 7 unlocked.,1729968887
9045,18,72633,Congrats on your 5 year milestone with AOD!,1731269313
9046,19,32515,"",1732324855
9047,18,72956,5 years!,1732482814
9048,19,32795,10 years!,1732482907
9049,194,87861,"",1732852289
9050,302,66001,Event Winner June 8,1733160909
9051,19,33280,"",1733322329
9052,19,33044,Congratulations on 10 years in AOD!,1733347696
